experiment_id,transcript_id,model_name,technique_name,total_ground_truth,total_extracted,exact_matches
1,1,Llama 3.2 3B Instruct,zero-shot,6,15,6
2,2,Llama 3.2 3B Instruct,zero-shot,1,2,1
3,3,Llama 3.2 3B Instruct,zero-shot,3,6,1
4,4,Llama 3.2 3B Instruct,zero-shot,4,7,4
5,5,Llama 3.2 3B Instruct,zero-shot,4,7,4
6,6,Llama 3.2 3B Instruct,zero-shot,3,4,2
7,7,Llama 3.2 3B Instruct,zero-shot,3,8,3
8,8,Llama 3.2 3B Instruct,zero-shot,3,8,1
9,9,Llama 3.2 3B Instruct,zero-shot,3,8,3
10,10,Llama 3.2 3B Instruct,zero-shot,3,4,3
11,11,Llama 3.2 3B Instruct,zero-shot,4,6,4
12,12,Llama 3.2 3B Instruct,zero-shot,4,6,0
13,13,Llama 3.2 3B Instruct,zero-shot,5,8,4
14,14,Llama 3.2 3B Instruct,zero-shot,3,8,0
15,15,Llama 3.2 3B Instruct,zero-shot,2,5,1
16,16,Llama 3.2 3B Instruct,zero-shot,3,11,2
17,17,Llama 3.2 3B Instruct,zero-shot,3,5,1
18,18,Llama 3.2 3B Instruct,zero-shot,3,5,2
19,19,Llama 3.2 3B Instruct,zero-shot,3,5,1
20,20,Llama 3.2 3B Instruct,zero-shot,2,5,0
21,21,Llama 3.2 3B Instruct,zero-shot,4,5,1
22,22,Llama 3.2 3B Instruct,zero-shot,17,0,0
23,23,Llama 3.2 3B Instruct,zero-shot,7,6,0
24,24,Llama 3.2 3B Instruct,zero-shot,7,6,4
25,25,Llama 3.2 3B Instruct,zero-shot,4,0,0
26,26,Llama 3.2 3B Instruct,zero-shot,3,3,3
27,27,Llama 3.2 3B Instruct,zero-shot,7,7,5
28,28,Llama 3.2 3B Instruct,zero-shot,11,7,8
29,29,Llama 3.2 3B Instruct,zero-shot,9,9,1
30,30,Llama 3.2 3B Instruct,zero-shot,12,12,7
31,31,Llama 3.2 3B Instruct,zero-shot,5,6,0
32,32,Llama 3.2 3B Instruct,zero-shot,8,7,6
33,33,Llama 3.2 3B Instruct,zero-shot,8,9,8
34,34,Llama 3.2 3B Instruct,zero-shot,7,7,4
35,35,Llama 3.2 3B Instruct,zero-shot,11,10,10
36,36,Llama 3.2 3B Instruct,zero-shot,6,5,5
37,37,Llama 3.2 3B Instruct,zero-shot,8,8,7
38,38,Llama 3.2 3B Instruct,zero-shot,4,4,4
39,39,Llama 3.2 3B Instruct,zero-shot,6,8,2
40,40,Llama 3.2 3B Instruct,zero-shot,9,8,6
41,41,Llama 3.2 3B Instruct,zero-shot,8,0,0
42,42,Llama 3.2 3B Instruct,zero-shot,9,7,1
43,43,Llama 3.2 3B Instruct,zero-shot,9,0,0
44,44,Llama 3.2 3B Instruct,zero-shot,9,9,9
45,45,Llama 3.2 3B Instruct,zero-shot,8,7,4
46,46,Llama 3.2 3B Instruct,zero-shot,7,8,6
47,47,Llama 3.2 3B Instruct,zero-shot,10,10,10
48,48,Llama 3.2 3B Instruct,zero-shot,6,5,3
49,49,Llama 3.2 3B Instruct,zero-shot,5,10,5
50,50,Llama 3.2 3B Instruct,zero-shot,9,8,7
51,22,Llama 3.2 3B Instruct,few-shot,17,20,13
52,1,Llama 3.2 3B Instruct,few-shot,6,13,3
53,2,Llama 3.2 3B Instruct,few-shot,1,4,1
54,3,Llama 3.2 3B Instruct,few-shot,3,6,1
55,4,Llama 3.2 3B Instruct,few-shot,4,7,3
56,5,Llama 3.2 3B Instruct,few-shot,4,0,0
57,6,Llama 3.2 3B Instruct,few-shot,3,6,2
58,7,Llama 3.2 3B Instruct,few-shot,3,10,1
59,8,Llama 3.2 3B Instruct,few-shot,3,9,2
60,9,Llama 3.2 3B Instruct,few-shot,3,9,3
61,10,Llama 3.2 3B Instruct,few-shot,3,5,3
62,11,Llama 3.2 3B Instruct,few-shot,4,9,3
63,12,Llama 3.2 3B Instruct,few-shot,4,11,0
64,13,Llama 3.2 3B Instruct,few-shot,5,9,5
65,14,Llama 3.2 3B Instruct,few-shot,3,5,0
66,15,Llama 3.2 3B Instruct,few-shot,2,4,1
67,16,Llama 3.2 3B Instruct,few-shot,3,0,0
68,17,Llama 3.2 3B Instruct,few-shot,3,4,3
69,18,Llama 3.2 3B Instruct,few-shot,3,8,3
70,19,Llama 3.2 3B Instruct,few-shot,3,6,3
71,20,Llama 3.2 3B Instruct,few-shot,2,6,0
72,21,Llama 3.2 3B Instruct,few-shot,4,3,0
73,23,Llama 3.2 3B Instruct,few-shot,7,7,2
74,24,Llama 3.2 3B Instruct,few-shot,7,13,4
75,25,Llama 3.2 3B Instruct,few-shot,4,5,2
76,26,Llama 3.2 3B Instruct,few-shot,3,0,0
77,27,Llama 3.2 3B Instruct,few-shot,7,0,0
78,28,Llama 3.2 3B Instruct,few-shot,11,7,4
79,29,Llama 3.2 3B Instruct,few-shot,9,6,0
80,30,Llama 3.2 3B Instruct,few-shot,12,12,7
81,31,Llama 3.2 3B Instruct,few-shot,5,0,0
82,32,Llama 3.2 3B Instruct,few-shot,8,0,0
83,33,Llama 3.2 3B Instruct,few-shot,8,7,6
84,34,Llama 3.2 3B Instruct,few-shot,7,7,4
85,35,Llama 3.2 3B Instruct,few-shot,11,0,0
86,36,Llama 3.2 3B Instruct,few-shot,6,7,0
87,37,Llama 3.2 3B Instruct,few-shot,8,7,5
88,38,Llama 3.2 3B Instruct,few-shot,4,0,0
89,39,Llama 3.2 3B Instruct,few-shot,6,7,2
90,40,Llama 3.2 3B Instruct,few-shot,9,9,7
91,41,Llama 3.2 3B Instruct,few-shot,8,7,0
92,42,Llama 3.2 3B Instruct,few-shot,9,8,0
93,43,Llama 3.2 3B Instruct,few-shot,9,0,0
94,44,Llama 3.2 3B Instruct,few-shot,9,15,0
95,45,Llama 3.2 3B Instruct,few-shot,8,7,5
96,46,Llama 3.2 3B Instruct,few-shot,7,6,3
97,47,Llama 3.2 3B Instruct,few-shot,10,0,0
98,48,Llama 3.2 3B Instruct,few-shot,6,0,0
99,49,Llama 3.2 3B Instruct,few-shot,5,11,0
100,50,Llama 3.2 3B Instruct,few-shot,9,8,5
101,1,Llama 3.2 3B Instruct,chain-of-thought,6,14,5
102,2,Llama 3.2 3B Instruct,chain-of-thought,1,3,1
103,3,Llama 3.2 3B Instruct,chain-of-thought,3,6,2
104,4,Llama 3.2 3B Instruct,chain-of-thought,4,7,4
105,5,Llama 3.2 3B Instruct,chain-of-thought,4,7,4
106,6,Llama 3.2 3B Instruct,chain-of-thought,3,5,3
107,7,Llama 3.2 3B Instruct,chain-of-thought,3,7,3
108,8,Llama 3.2 3B Instruct,chain-of-thought,3,9,2
109,9,Llama 3.2 3B Instruct,chain-of-thought,3,8,2
110,10,Llama 3.2 3B Instruct,chain-of-thought,3,5,3
111,11,Llama 3.2 3B Instruct,chain-of-thought,4,10,5
112,12,Llama 3.2 3B Instruct,chain-of-thought,4,15,6
113,13,Llama 3.2 3B Instruct,chain-of-thought,5,8,5
114,14,Llama 3.2 3B Instruct,chain-of-thought,3,7,2
115,15,Llama 3.2 3B Instruct,chain-of-thought,2,5,2
116,16,Llama 3.2 3B Instruct,chain-of-thought,3,11,1
117,17,Llama 3.2 3B Instruct,chain-of-thought,3,5,1
118,18,Llama 3.2 3B Instruct,chain-of-thought,3,8,3
119,19,Llama 3.2 3B Instruct,chain-of-thought,3,10,2
120,20,Llama 3.2 3B Instruct,chain-of-thought,2,5,0
121,21,Llama 3.2 3B Instruct,chain-of-thought,4,0,0
122,22,Llama 3.2 3B Instruct,chain-of-thought,17,0,0
123,23,Llama 3.2 3B Instruct,chain-of-thought,7,6,2
124,24,Llama 3.2 3B Instruct,chain-of-thought,7,9,4
125,25,Llama 3.2 3B Instruct,chain-of-thought,4,4,1
126,26,Llama 3.2 3B Instruct,chain-of-thought,3,6,4
127,27,Llama 3.2 3B Instruct,chain-of-thought,7,7,7
128,28,Llama 3.2 3B Instruct,chain-of-thought,11,12,13
129,29,Llama 3.2 3B Instruct,chain-of-thought,9,10,6
130,30,Llama 3.2 3B Instruct,chain-of-thought,12,0,0
131,31,Llama 3.2 3B Instruct,chain-of-thought,5,4,3
132,32,Llama 3.2 3B Instruct,chain-of-thought,8,9,7
133,33,Llama 3.2 3B Instruct,chain-of-thought,8,9,7
134,34,Llama 3.2 3B Instruct,chain-of-thought,7,10,5
135,35,Llama 3.2 3B Instruct,chain-of-thought,11,10,8
136,36,Llama 3.2 3B Instruct,chain-of-thought,6,5,0
137,37,Llama 3.2 3B Instruct,chain-of-thought,8,8,7
138,38,Llama 3.2 3B Instruct,chain-of-thought,4,5,4
139,39,Llama 3.2 3B Instruct,chain-of-thought,6,10,4
140,40,Llama 3.2 3B Instruct,chain-of-thought,9,8,6
141,41,Llama 3.2 3B Instruct,chain-of-thought,8,7,1
142,42,Llama 3.2 3B Instruct,chain-of-thought,9,7,1
143,43,Llama 3.2 3B Instruct,chain-of-thought,9,9,9
144,44,Llama 3.2 3B Instruct,chain-of-thought,9,8,8
145,45,Llama 3.2 3B Instruct,chain-of-thought,8,7,4
146,46,Llama 3.2 3B Instruct,chain-of-thought,7,6,6
147,47,Llama 3.2 3B Instruct,chain-of-thought,10,10,10
148,48,Llama 3.2 3B Instruct,chain-of-thought,6,6,4
149,49,Llama 3.2 3B Instruct,chain-of-thought,5,7,3
150,50,Llama 3.2 3B Instruct,chain-of-thought,9,9,8
151,1,Llama 3.2 3B Instruct,structured-output,6,16,0
152,2,Llama 3.2 3B Instruct,structured-output,1,1,1
153,3,Llama 3.2 3B Instruct,structured-output,3,6,2
154,4,Llama 3.2 3B Instruct,structured-output,4,0,0
155,5,Llama 3.2 3B Instruct,structured-output,4,7,3
156,6,Llama 3.2 3B Instruct,structured-output,3,6,2
157,7,Llama 3.2 3B Instruct,structured-output,3,6,1
158,8,Llama 3.2 3B Instruct,structured-output,3,8,3
159,9,Llama 3.2 3B Instruct,structured-output,3,0,0
160,10,Llama 3.2 3B Instruct,structured-output,3,5,2
161,11,Llama 3.2 3B Instruct,structured-output,4,7,4
162,12,Llama 3.2 3B Instruct,structured-output,4,6,0
163,13,Llama 3.2 3B Instruct,structured-output,5,8,5
164,14,Llama 3.2 3B Instruct,structured-output,3,7,0
165,15,Llama 3.2 3B Instruct,structured-output,2,2,2
166,16,Llama 3.2 3B Instruct,structured-output,3,11,2
167,17,Llama 3.2 3B Instruct,structured-output,3,3,2
168,18,Llama 3.2 3B Instruct,structured-output,3,9,3
169,19,Llama 3.2 3B Instruct,structured-output,3,5,2
170,20,Llama 3.2 3B Instruct,structured-output,2,6,0
171,21,Llama 3.2 3B Instruct,structured-output,4,0,0
172,22,Llama 3.2 3B Instruct,structured-output,17,14,4
173,23,Llama 3.2 3B Instruct,structured-output,7,6,2
174,24,Llama 3.2 3B Instruct,structured-output,7,7,5
175,25,Llama 3.2 3B Instruct,structured-output,4,4,0
176,26,Llama 3.2 3B Instruct,structured-output,3,3,3
177,27,Llama 3.2 3B Instruct,structured-output,7,9,0
178,28,Llama 3.2 3B Instruct,structured-output,11,11,10
179,29,Llama 3.2 3B Instruct,structured-output,9,8,0
180,30,Llama 3.2 3B Instruct,structured-output,12,12,7
181,31,Llama 3.2 3B Instruct,structured-output,5,5,0
182,32,Llama 3.2 3B Instruct,structured-output,8,7,7
183,33,Llama 3.2 3B Instruct,structured-output,8,8,7
184,34,Llama 3.2 3B Instruct,structured-output,7,9,5
185,35,Llama 3.2 3B Instruct,structured-output,11,14,0
186,36,Llama 3.2 3B Instruct,structured-output,6,7,0
187,37,Llama 3.2 3B Instruct,structured-output,8,7,7
188,38,Llama 3.2 3B Instruct,structured-output,4,3,0
189,39,Llama 3.2 3B Instruct,structured-output,6,8,2
190,40,Llama 3.2 3B Instruct,structured-output,9,9,9
191,41,Llama 3.2 3B Instruct,structured-output,8,6,0
192,42,Llama 3.2 3B Instruct,structured-output,9,7,1
193,43,Llama 3.2 3B Instruct,structured-output,9,9,9
194,44,Llama 3.2 3B Instruct,structured-output,9,8,8
195,45,Llama 3.2 3B Instruct,structured-output,8,6,5
196,46,Llama 3.2 3B Instruct,structured-output,7,7,6
197,47,Llama 3.2 3B Instruct,structured-output,10,10,10
198,48,Llama 3.2 3B Instruct,structured-output,6,6,3
199,49,Llama 3.2 3B Instruct,structured-output,5,6,0
200,50,Llama 3.2 3B Instruct,structured-output,9,9,6
201,1,Phi-4-mini 3.8B Instruct,zero-shot,6,14,5
202,2,Phi-4-mini 3.8B Instruct,zero-shot,1,3,1
203,3,Phi-4-mini 3.8B Instruct,zero-shot,3,7,3
204,4,Phi-4-mini 3.8B Instruct,zero-shot,4,7,4
205,5,Phi-4-mini 3.8B Instruct,zero-shot,4,7,4
206,6,Phi-4-mini 3.8B Instruct,zero-shot,3,4,2
207,7,Phi-4-mini 3.8B Instruct,zero-shot,3,6,1
208,8,Phi-4-mini 3.8B Instruct,zero-shot,3,9,2
209,9,Phi-4-mini 3.8B Instruct,zero-shot,3,6,1
210,10,Phi-4-mini 3.8B Instruct,zero-shot,3,0,0
211,11,Phi-4-mini 3.8B Instruct,zero-shot,4,6,2
212,12,Phi-4-mini 3.8B Instruct,zero-shot,4,11,4
213,13,Phi-4-mini 3.8B Instruct,zero-shot,5,7,0
214,14,Phi-4-mini 3.8B Instruct,zero-shot,3,7,2
215,15,Phi-4-mini 3.8B Instruct,zero-shot,2,7,1
216,16,Phi-4-mini 3.8B Instruct,zero-shot,3,14,1
217,17,Phi-4-mini 3.8B Instruct,zero-shot,3,6,1
218,18,Phi-4-mini 3.8B Instruct,zero-shot,3,6,3
219,19,Phi-4-mini 3.8B Instruct,zero-shot,3,6,3
220,20,Phi-4-mini 3.8B Instruct,zero-shot,2,5,0
221,21,Phi-4-mini 3.8B Instruct,zero-shot,4,4,1
222,22,Phi-4-mini 3.8B Instruct,zero-shot,17,17,8
223,23,Phi-4-mini 3.8B Instruct,zero-shot,7,6,1
224,24,Phi-4-mini 3.8B Instruct,zero-shot,7,7,4
225,25,Phi-4-mini 3.8B Instruct,zero-shot,4,4,1
226,26,Phi-4-mini 3.8B Instruct,zero-shot,3,4,3
227,27,Phi-4-mini 3.8B Instruct,zero-shot,7,7,7
228,28,Phi-4-mini 3.8B Instruct,zero-shot,11,7,8
229,29,Phi-4-mini 3.8B Instruct,zero-shot,9,9,6
230,30,Phi-4-mini 3.8B Instruct,zero-shot,12,12,7
231,31,Phi-4-mini 3.8B Instruct,zero-shot,5,6,5
232,32,Phi-4-mini 3.8B Instruct,zero-shot,8,8,7
233,33,Phi-4-mini 3.8B Instruct,zero-shot,8,8,5
234,34,Phi-4-mini 3.8B Instruct,zero-shot,7,7,5
235,35,Phi-4-mini 3.8B Instruct,zero-shot,11,8,7
236,36,Phi-4-mini 3.8B Instruct,zero-shot,6,5,5
237,37,Phi-4-mini 3.8B Instruct,zero-shot,8,7,5
238,38,Phi-4-mini 3.8B Instruct,zero-shot,4,4,3
239,39,Phi-4-mini 3.8B Instruct,zero-shot,6,8,1
240,40,Phi-4-mini 3.8B Instruct,zero-shot,9,7,5
241,41,Phi-4-mini 3.8B Instruct,zero-shot,8,8,0
242,42,Phi-4-mini 3.8B Instruct,zero-shot,9,7,1
243,43,Phi-4-mini 3.8B Instruct,zero-shot,9,9,9
244,44,Phi-4-mini 3.8B Instruct,zero-shot,9,0,0
245,45,Phi-4-mini 3.8B Instruct,zero-shot,8,7,4
246,46,Phi-4-mini 3.8B Instruct,zero-shot,7,7,7
247,47,Phi-4-mini 3.8B Instruct,zero-shot,10,10,10
248,48,Phi-4-mini 3.8B Instruct,zero-shot,6,6,4
249,49,Phi-4-mini 3.8B Instruct,zero-shot,5,5,3
250,50,Phi-4-mini 3.8B Instruct,zero-shot,9,9,8
251,1,Phi-4-mini 3.8B Instruct,few-shot,6,0,0
252,2,Phi-4-mini 3.8B Instruct,few-shot,1,2,1
253,3,Phi-4-mini 3.8B Instruct,few-shot,3,6,1
254,4,Phi-4-mini 3.8B Instruct,few-shot,4,7,1
255,5,Phi-4-mini 3.8B Instruct,few-shot,4,0,0
256,6,Phi-4-mini 3.8B Instruct,few-shot,3,3,0
257,7,Phi-4-mini 3.8B Instruct,few-shot,3,0,0
258,8,Phi-4-mini 3.8B Instruct,few-shot,3,9,3
259,9,Phi-4-mini 3.8B Instruct,few-shot,3,6,1
260,10,Phi-4-mini 3.8B Instruct,few-shot,3,4,3
261,11,Phi-4-mini 3.8B Instruct,few-shot,4,6,4
262,12,Phi-4-mini 3.8B Instruct,few-shot,4,12,4
263,13,Phi-4-mini 3.8B Instruct,few-shot,5,9,5
264,14,Phi-4-mini 3.8B Instruct,few-shot,3,11,0
265,15,Phi-4-mini 3.8B Instruct,few-shot,2,4,1
266,16,Phi-4-mini 3.8B Instruct,few-shot,3,12,1
267,17,Phi-4-mini 3.8B Instruct,few-shot,3,4,2
268,18,Phi-4-mini 3.8B Instruct,few-shot,3,8,3
269,19,Phi-4-mini 3.8B Instruct,few-shot,3,7,1
270,20,Phi-4-mini 3.8B Instruct,few-shot,2,5,0
271,21,Phi-4-mini 3.8B Instruct,few-shot,4,4,2
272,22,Phi-4-mini 3.8B Instruct,few-shot,17,0,0
273,23,Phi-4-mini 3.8B Instruct,few-shot,7,12,0
274,24,Phi-4-mini 3.8B Instruct,few-shot,7,7,2
275,25,Phi-4-mini 3.8B Instruct,few-shot,4,4,1
276,26,Phi-4-mini 3.8B Instruct,few-shot,3,4,1
277,27,Phi-4-mini 3.8B Instruct,few-shot,7,9,4
278,28,Phi-4-mini 3.8B Instruct,few-shot,11,7,7
279,29,Phi-4-mini 3.8B Instruct,few-shot,9,8,5
280,30,Phi-4-mini 3.8B Instruct,few-shot,12,13,7
281,31,Phi-4-mini 3.8B Instruct,few-shot,5,4,4
282,32,Phi-4-mini 3.8B Instruct,few-shot,8,6,6
283,33,Phi-4-mini 3.8B Instruct,few-shot,8,7,0
284,34,Phi-4-mini 3.8B Instruct,few-shot,7,7,4
285,35,Phi-4-mini 3.8B Instruct,few-shot,11,11,10
286,36,Phi-4-mini 3.8B Instruct,few-shot,6,6,6
287,37,Phi-4-mini 3.8B Instruct,few-shot,8,7,7
288,38,Phi-4-mini 3.8B Instruct,few-shot,4,5,3
289,39,Phi-4-mini 3.8B Instruct,few-shot,6,8,1
290,40,Phi-4-mini 3.8B Instruct,few-shot,9,11,0
291,41,Phi-4-mini 3.8B Instruct,few-shot,8,0,0
292,42,Phi-4-mini 3.8B Instruct,few-shot,9,7,0
293,43,Phi-4-mini 3.8B Instruct,few-shot,9,8,7
294,44,Phi-4-mini 3.8B Instruct,few-shot,9,9,9
295,45,Phi-4-mini 3.8B Instruct,few-shot,8,7,4
296,46,Phi-4-mini 3.8B Instruct,few-shot,7,7,4
297,47,Phi-4-mini 3.8B Instruct,few-shot,10,8,7
298,48,Phi-4-mini 3.8B Instruct,few-shot,6,6,2
299,49,Phi-4-mini 3.8B Instruct,few-shot,5,0,0
300,50,Phi-4-mini 3.8B Instruct,few-shot,9,8,6
301,1,Phi-4-mini 3.8B Instruct,chain-of-thought,6,14,5
302,2,Phi-4-mini 3.8B Instruct,chain-of-thought,1,1,1
303,3,Phi-4-mini 3.8B Instruct,chain-of-thought,3,6,1
304,4,Phi-4-mini 3.8B Instruct,chain-of-thought,4,8,4
305,5,Phi-4-mini 3.8B Instruct,chain-of-thought,4,9,3
306,6,Phi-4-mini 3.8B Instruct,chain-of-thought,3,5,3
307,7,Phi-4-mini 3.8B Instruct,chain-of-thought,3,11,1
308,8,Phi-4-mini 3.8B Instruct,chain-of-thought,3,11,2
309,9,Phi-4-mini 3.8B Instruct,chain-of-thought,3,8,3
310,10,Phi-4-mini 3.8B Instruct,chain-of-thought,3,5,3
311,11,Phi-4-mini 3.8B Instruct,chain-of-thought,4,6,4
312,12,Phi-4-mini 3.8B Instruct,chain-of-thought,4,13,0
313,13,Phi-4-mini 3.8B Instruct,chain-of-thought,5,8,5
314,14,Phi-4-mini 3.8B Instruct,chain-of-thought,3,10,0
315,15,Phi-4-mini 3.8B Instruct,chain-of-thought,2,4,1
316,16,Phi-4-mini 3.8B Instruct,chain-of-thought,3,14,2
317,17,Phi-4-mini 3.8B Instruct,chain-of-thought,3,5,0
318,18,Phi-4-mini 3.8B Instruct,chain-of-thought,3,9,3
319,19,Phi-4-mini 3.8B Instruct,chain-of-thought,3,5,1
320,20,Phi-4-mini 3.8B Instruct,chain-of-thought,2,6,0
321,21,Phi-4-mini 3.8B Instruct,chain-of-thought,4,3,1
322,22,Phi-4-mini 3.8B Instruct,chain-of-thought,17,17,15
323,23,Phi-4-mini 3.8B Instruct,chain-of-thought,7,16,0
324,24,Phi-4-mini 3.8B Instruct,chain-of-thought,7,9,5
325,25,Phi-4-mini 3.8B Instruct,chain-of-thought,4,4,1
326,26,Phi-4-mini 3.8B Instruct,chain-of-thought,3,6,3
327,27,Phi-4-mini 3.8B Instruct,chain-of-thought,7,7,6
328,28,Phi-4-mini 3.8B Instruct,chain-of-thought,11,9,8
329,29,Phi-4-mini 3.8B Instruct,chain-of-thought,9,9,5
330,30,Phi-4-mini 3.8B Instruct,chain-of-thought,12,12,7
331,31,Phi-4-mini 3.8B Instruct,chain-of-thought,5,5,4
332,32,Phi-4-mini 3.8B Instruct,chain-of-thought,8,7,6
333,33,Phi-4-mini 3.8B Instruct,chain-of-thought,8,10,8
334,34,Phi-4-mini 3.8B Instruct,chain-of-thought,7,7,5
335,35,Phi-4-mini 3.8B Instruct,chain-of-thought,11,7,7
336,36,Phi-4-mini 3.8B Instruct,chain-of-thought,6,6,6
337,37,Phi-4-mini 3.8B Instruct,chain-of-thought,8,7,7
338,38,Phi-4-mini 3.8B Instruct,chain-of-thought,4,6,4
339,39,Phi-4-mini 3.8B Instruct,chain-of-thought,6,10,0
340,40,Phi-4-mini 3.8B Instruct,chain-of-thought,9,8,0
341,41,Phi-4-mini 3.8B Instruct,chain-of-thought,8,6,1
342,42,Phi-4-mini 3.8B Instruct,chain-of-thought,9,7,1
343,43,Phi-4-mini 3.8B Instruct,chain-of-thought,9,9,9
344,44,Phi-4-mini 3.8B Instruct,chain-of-thought,9,9,7
345,45,Phi-4-mini 3.8B Instruct,chain-of-thought,8,7,6
346,46,Phi-4-mini 3.8B Instruct,chain-of-thought,7,7,6
347,47,Phi-4-mini 3.8B Instruct,chain-of-thought,10,9,0
348,48,Phi-4-mini 3.8B Instruct,chain-of-thought,6,6,5
349,49,Phi-4-mini 3.8B Instruct,chain-of-thought,5,5,4
350,50,Phi-4-mini 3.8B Instruct,chain-of-thought,9,8,6
351,1,Phi-4-mini 3.8B Instruct,structured-output,6,13,0
352,2,Phi-4-mini 3.8B Instruct,structured-output,1,2,1
353,3,Phi-4-mini 3.8B Instruct,structured-output,3,6,1
354,4,Phi-4-mini 3.8B Instruct,structured-output,4,7,4
355,5,Phi-4-mini 3.8B Instruct,structured-output,4,7,3
356,6,Phi-4-mini 3.8B Instruct,structured-output,3,5,0
357,7,Phi-4-mini 3.8B Instruct,structured-output,3,7,3
358,8,Phi-4-mini 3.8B Instruct,structured-output,3,9,3
359,9,Phi-4-mini 3.8B Instruct,structured-output,3,6,1
360,10,Phi-4-mini 3.8B Instruct,structured-output,3,6,3
361,11,Phi-4-mini 3.8B Instruct,structured-output,4,7,4
362,12,Phi-4-mini 3.8B Instruct,structured-output,4,12,6
363,13,Phi-4-mini 3.8B Instruct,structured-output,5,8,5
364,14,Phi-4-mini 3.8B Instruct,structured-output,3,6,0
365,15,Phi-4-mini 3.8B Instruct,structured-output,2,4,0
366,16,Phi-4-mini 3.8B Instruct,structured-output,3,11,1
367,17,Phi-4-mini 3.8B Instruct,structured-output,3,6,1
368,18,Phi-4-mini 3.8B Instruct,structured-output,3,9,3
369,19,Phi-4-mini 3.8B Instruct,structured-output,3,5,2
370,20,Phi-4-mini 3.8B Instruct,structured-output,2,5,0
371,21,Phi-4-mini 3.8B Instruct,structured-output,4,0,0
372,22,Phi-4-mini 3.8B Instruct,structured-output,17,16,14
373,23,Phi-4-mini 3.8B Instruct,structured-output,7,5,2
374,24,Phi-4-mini 3.8B Instruct,structured-output,7,6,0
375,25,Phi-4-mini 3.8B Instruct,structured-output,4,4,3
376,26,Phi-4-mini 3.8B Instruct,structured-output,3,3,3
377,27,Phi-4-mini 3.8B Instruct,structured-output,7,7,7
378,28,Phi-4-mini 3.8B Instruct,structured-output,11,9,10
379,29,Phi-4-mini 3.8B Instruct,structured-output,9,6,4
380,30,Phi-4-mini 3.8B Instruct,structured-output,12,12,7
381,31,Phi-4-mini 3.8B Instruct,structured-output,5,4,3
382,32,Phi-4-mini 3.8B Instruct,structured-output,8,7,7
383,33,Phi-4-mini 3.8B Instruct,structured-output,8,8,0
384,34,Phi-4-mini 3.8B Instruct,structured-output,7,8,4
385,35,Phi-4-mini 3.8B Instruct,structured-output,11,11,9
386,36,Phi-4-mini 3.8B Instruct,structured-output,6,5,5
387,37,Phi-4-mini 3.8B Instruct,structured-output,8,8,5
388,38,Phi-4-mini 3.8B Instruct,structured-output,4,4,2
389,39,Phi-4-mini 3.8B Instruct,structured-output,6,8,1
390,40,Phi-4-mini 3.8B Instruct,structured-output,9,9,7
391,41,Phi-4-mini 3.8B Instruct,structured-output,8,6,1
392,42,Phi-4-mini 3.8B Instruct,structured-output,9,7,1
393,43,Phi-4-mini 3.8B Instruct,structured-output,9,6,0
394,44,Phi-4-mini 3.8B Instruct,structured-output,9,9,9
395,45,Phi-4-mini 3.8B Instruct,structured-output,8,7,0
396,46,Phi-4-mini 3.8B Instruct,structured-output,7,7,6
397,47,Phi-4-mini 3.8B Instruct,structured-output,10,10,10
398,48,Phi-4-mini 3.8B Instruct,structured-output,6,6,2
399,49,Phi-4-mini 3.8B Instruct,structured-output,5,5,2
400,50,Phi-4-mini 3.8B Instruct,structured-output,9,9,7
401,1,Qwen 2.5 3B Instruct,zero-shot,6,12,0
402,2,Qwen 2.5 3B Instruct,zero-shot,1,1,1
403,3,Qwen 2.5 3B Instruct,zero-shot,3,5,2
404,4,Qwen 2.5 3B Instruct,zero-shot,4,6,4
405,5,Qwen 2.5 3B Instruct,zero-shot,4,7,2
406,6,Qwen 2.5 3B Instruct,zero-shot,3,0,0
407,7,Qwen 2.5 3B Instruct,zero-shot,3,7,3
408,8,Qwen 2.5 3B Instruct,zero-shot,3,9,1
409,9,Qwen 2.5 3B Instruct,zero-shot,3,7,1
410,10,Qwen 2.5 3B Instruct,zero-shot,3,6,2
411,11,Qwen 2.5 3B Instruct,zero-shot,4,8,4
412,12,Qwen 2.5 3B Instruct,zero-shot,4,11,4
413,13,Qwen 2.5 3B Instruct,zero-shot,5,8,5
414,14,Qwen 2.5 3B Instruct,zero-shot,3,7,2
415,15,Qwen 2.5 3B Instruct,zero-shot,2,2,0
416,16,Qwen 2.5 3B Instruct,zero-shot,3,11,3
417,17,Qwen 2.5 3B Instruct,zero-shot,3,3,3
418,18,Qwen 2.5 3B Instruct,zero-shot,3,9,3
419,19,Qwen 2.5 3B Instruct,zero-shot,3,5,2
420,20,Qwen 2.5 3B Instruct,zero-shot,2,5,1
421,21,Qwen 2.5 3B Instruct,zero-shot,4,1,0
422,22,Qwen 2.5 3B Instruct,zero-shot,17,0,0
423,23,Qwen 2.5 3B Instruct,zero-shot,7,7,3
424,24,Qwen 2.5 3B Instruct,zero-shot,7,0,0
425,25,Qwen 2.5 3B Instruct,zero-shot,4,4,1
426,26,Qwen 2.5 3B Instruct,zero-shot,3,3,3
427,27,Qwen 2.5 3B Instruct,zero-shot,7,0,0
428,28,Qwen 2.5 3B Instruct,zero-shot,11,10,8
429,29,Qwen 2.5 3B Instruct,zero-shot,9,7,0
430,30,Qwen 2.5 3B Instruct,zero-shot,12,12,7
431,31,Qwen 2.5 3B Instruct,zero-shot,5,6,4
432,32,Qwen 2.5 3B Instruct,zero-shot,8,6,5
433,33,Qwen 2.5 3B Instruct,zero-shot,8,0,0
434,34,Qwen 2.5 3B Instruct,zero-shot,7,7,6
435,35,Qwen 2.5 3B Instruct,zero-shot,11,10,6
436,36,Qwen 2.5 3B Instruct,zero-shot,6,6,4
437,37,Qwen 2.5 3B Instruct,zero-shot,8,7,7
438,38,Qwen 2.5 3B Instruct,zero-shot,4,5,4
439,39,Qwen 2.5 3B Instruct,zero-shot,6,3,0
440,40,Qwen 2.5 3B Instruct,zero-shot,9,8,5
441,41,Qwen 2.5 3B Instruct,zero-shot,8,6,1
442,42,Qwen 2.5 3B Instruct,zero-shot,9,7,1
443,43,Qwen 2.5 3B Instruct,zero-shot,9,8,7
444,44,Qwen 2.5 3B Instruct,zero-shot,9,9,8
445,45,Qwen 2.5 3B Instruct,zero-shot,8,7,5
446,46,Qwen 2.5 3B Instruct,zero-shot,7,7,4
447,47,Qwen 2.5 3B Instruct,zero-shot,10,7,7
448,48,Qwen 2.5 3B Instruct,zero-shot,6,6,5
449,49,Qwen 2.5 3B Instruct,zero-shot,5,5,4
450,50,Qwen 2.5 3B Instruct,zero-shot,9,9,3
451,1,Qwen 2.5 3B Instruct,few-shot,6,14,6
452,2,Qwen 2.5 3B Instruct,few-shot,1,1,1
453,3,Qwen 2.5 3B Instruct,few-shot,3,5,1
454,4,Qwen 2.5 3B Instruct,few-shot,4,6,2
455,5,Qwen 2.5 3B Instruct,few-shot,4,7,4
456,6,Qwen 2.5 3B Instruct,few-shot,3,5,0
457,7,Qwen 2.5 3B Instruct,few-shot,3,5,1
458,8,Qwen 2.5 3B Instruct,few-shot,3,9,2
459,9,Qwen 2.5 3B Instruct,few-shot,3,6,1
460,10,Qwen 2.5 3B Instruct,few-shot,3,5,3
461,11,Qwen 2.5 3B Instruct,few-shot,4,5,3
462,12,Qwen 2.5 3B Instruct,few-shot,4,13,6
463,13,Qwen 2.5 3B Instruct,few-shot,5,9,5
464,14,Qwen 2.5 3B Instruct,few-shot,3,7,2
465,15,Qwen 2.5 3B Instruct,few-shot,2,2,0
466,16,Qwen 2.5 3B Instruct,few-shot,3,12,2
467,17,Qwen 2.5 3B Instruct,few-shot,3,2,2
468,18,Qwen 2.5 3B Instruct,few-shot,3,9,3
469,19,Qwen 2.5 3B Instruct,few-shot,3,4,1
470,20,Qwen 2.5 3B Instruct,few-shot,2,5,1
471,21,Qwen 2.5 3B Instruct,few-shot,4,1,0
472,22,Qwen 2.5 3B Instruct,few-shot,17,0,0
473,23,Qwen 2.5 3B Instruct,few-shot,7,7,2
474,24,Qwen 2.5 3B Instruct,few-shot,7,6,4
475,25,Qwen 2.5 3B Instruct,few-shot,4,4,2
476,26,Qwen 2.5 3B Instruct,few-shot,3,3,3
477,27,Qwen 2.5 3B Instruct,few-shot,7,7,7
478,28,Qwen 2.5 3B Instruct,few-shot,11,7,5
479,29,Qwen 2.5 3B Instruct,few-shot,9,6,4
480,30,Qwen 2.5 3B Instruct,few-shot,12,12,6
481,31,Qwen 2.5 3B Instruct,few-shot,5,6,4
482,32,Qwen 2.5 3B Instruct,few-shot,8,9,7
483,33,Qwen 2.5 3B Instruct,few-shot,8,8,4
484,34,Qwen 2.5 3B Instruct,few-shot,7,7,5
485,35,Qwen 2.5 3B Instruct,few-shot,11,11,9
486,36,Qwen 2.5 3B Instruct,few-shot,6,6,1
487,37,Qwen 2.5 3B Instruct,few-shot,8,7,7
488,38,Qwen 2.5 3B Instruct,few-shot,4,4,0
489,39,Qwen 2.5 3B Instruct,few-shot,6,9,1
490,40,Qwen 2.5 3B Instruct,few-shot,9,8,2
491,41,Qwen 2.5 3B Instruct,few-shot,8,6,0
492,42,Qwen 2.5 3B Instruct,few-shot,9,7,0
493,43,Qwen 2.5 3B Instruct,few-shot,9,9,7
494,44,Qwen 2.5 3B Instruct,few-shot,9,8,7
495,45,Qwen 2.5 3B Instruct,few-shot,8,8,4
496,46,Qwen 2.5 3B Instruct,few-shot,7,6,2
497,47,Qwen 2.5 3B Instruct,few-shot,10,10,8
498,48,Qwen 2.5 3B Instruct,few-shot,6,6,4
499,49,Qwen 2.5 3B Instruct,few-shot,5,5,1
500,50,Qwen 2.5 3B Instruct,few-shot,9,9,4
501,1,Qwen 2.5 3B Instruct,chain-of-thought,6,14,6
502,2,Qwen 2.5 3B Instruct,chain-of-thought,1,1,1
503,3,Qwen 2.5 3B Instruct,chain-of-thought,3,6,2
504,4,Qwen 2.5 3B Instruct,chain-of-thought,4,7,4
505,5,Qwen 2.5 3B Instruct,chain-of-thought,4,6,2
506,6,Qwen 2.5 3B Instruct,chain-of-thought,3,5,0
507,7,Qwen 2.5 3B Instruct,chain-of-thought,3,8,3
508,8,Qwen 2.5 3B Instruct,chain-of-thought,3,10,2
509,9,Qwen 2.5 3B Instruct,chain-of-thought,3,0,0
510,10,Qwen 2.5 3B Instruct,chain-of-thought,3,6,2
511,11,Qwen 2.5 3B Instruct,chain-of-thought,4,5,0
512,12,Qwen 2.5 3B Instruct,chain-of-thought,4,13,1
513,13,Qwen 2.5 3B Instruct,chain-of-thought,5,7,4
514,14,Qwen 2.5 3B Instruct,chain-of-thought,3,7,2
515,15,Qwen 2.5 3B Instruct,chain-of-thought,2,2,0
516,16,Qwen 2.5 3B Instruct,chain-of-thought,3,10,1
517,17,Qwen 2.5 3B Instruct,chain-of-thought,3,2,1
518,18,Qwen 2.5 3B Instruct,chain-of-thought,3,9,3
519,19,Qwen 2.5 3B Instruct,chain-of-thought,3,5,1
520,20,Qwen 2.5 3B Instruct,chain-of-thought,2,5,0
521,21,Qwen 2.5 3B Instruct,chain-of-thought,4,2,0
522,22,Qwen 2.5 3B Instruct,chain-of-thought,17,0,0
523,23,Qwen 2.5 3B Instruct,chain-of-thought,7,7,2
524,24,Qwen 2.5 3B Instruct,chain-of-thought,7,7,1
525,25,Qwen 2.5 3B Instruct,chain-of-thought,4,4,2
526,26,Qwen 2.5 3B Instruct,chain-of-thought,3,3,3
527,27,Qwen 2.5 3B Instruct,chain-of-thought,7,0,0
528,28,Qwen 2.5 3B Instruct,chain-of-thought,11,7,8
529,29,Qwen 2.5 3B Instruct,chain-of-thought,9,9,1
530,30,Qwen 2.5 3B Instruct,chain-of-thought,12,12,6
531,31,Qwen 2.5 3B Instruct,chain-of-thought,5,6,4
532,32,Qwen 2.5 3B Instruct,chain-of-thought,8,6,6
533,33,Qwen 2.5 3B Instruct,chain-of-thought,8,8,7
534,34,Qwen 2.5 3B Instruct,chain-of-thought,7,7,5
535,35,Qwen 2.5 3B Instruct,chain-of-thought,11,10,8
536,36,Qwen 2.5 3B Instruct,chain-of-thought,6,6,1
537,37,Qwen 2.5 3B Instruct,chain-of-thought,8,7,7
538,38,Qwen 2.5 3B Instruct,chain-of-thought,4,4,2
539,39,Qwen 2.5 3B Instruct,chain-of-thought,6,7,0
540,40,Qwen 2.5 3B Instruct,chain-of-thought,9,8,5
541,41,Qwen 2.5 3B Instruct,chain-of-thought,8,7,1
542,42,Qwen 2.5 3B Instruct,chain-of-thought,9,7,1
543,43,Qwen 2.5 3B Instruct,chain-of-thought,9,7,6
544,44,Qwen 2.5 3B Instruct,chain-of-thought,9,7,4
545,45,Qwen 2.5 3B Instruct,chain-of-thought,8,8,7
546,46,Qwen 2.5 3B Instruct,chain-of-thought,7,0,0
547,47,Qwen 2.5 3B Instruct,chain-of-thought,10,7,0
548,48,Qwen 2.5 3B Instruct,chain-of-thought,6,6,5
549,49,Qwen 2.5 3B Instruct,chain-of-thought,5,5,4
550,50,Qwen 2.5 3B Instruct,chain-of-thought,9,8,4
551,1,Qwen 2.5 3B Instruct,structured-output,6,12,5
552,2,Qwen 2.5 3B Instruct,structured-output,1,0,0
553,3,Qwen 2.5 3B Instruct,structured-output,3,5,1
554,4,Qwen 2.5 3B Instruct,structured-output,4,5,4
555,5,Qwen 2.5 3B Instruct,structured-output,4,7,3
556,6,Qwen 2.5 3B Instruct,structured-output,3,0,0
557,7,Qwen 2.5 3B Instruct,structured-output,3,7,3
558,8,Qwen 2.5 3B Instruct,structured-output,3,9,2
559,9,Qwen 2.5 3B Instruct,structured-output,3,6,1
560,10,Qwen 2.5 3B Instruct,structured-output,3,5,0
561,11,Qwen 2.5 3B Instruct,structured-output,4,5,0
562,12,Qwen 2.5 3B Instruct,structured-output,4,11,3
563,13,Qwen 2.5 3B Instruct,structured-output,5,9,5
564,14,Qwen 2.5 3B Instruct,structured-output,3,7,1
565,15,Qwen 2.5 3B Instruct,structured-output,2,1,0
566,16,Qwen 2.5 3B Instruct,structured-output,3,10,1
567,17,Qwen 2.5 3B Instruct,structured-output,3,2,1
568,18,Qwen 2.5 3B Instruct,structured-output,3,9,3
569,19,Qwen 2.5 3B Instruct,structured-output,3,1,1
570,20,Qwen 2.5 3B Instruct,structured-output,2,5,1
571,21,Qwen 2.5 3B Instruct,structured-output,4,1,0
572,22,Qwen 2.5 3B Instruct,structured-output,17,15,3
573,23,Qwen 2.5 3B Instruct,structured-output,7,3,1
574,24,Qwen 2.5 3B Instruct,structured-output,7,7,5
575,25,Qwen 2.5 3B Instruct,structured-output,4,4,2
576,26,Qwen 2.5 3B Instruct,structured-output,3,3,3
577,27,Qwen 2.5 3B Instruct,structured-output,7,7,7
578,28,Qwen 2.5 3B Instruct,structured-output,11,9,6
579,29,Qwen 2.5 3B Instruct,structured-output,9,8,0
580,30,Qwen 2.5 3B Instruct,structured-output,12,7,3
581,31,Qwen 2.5 3B Instruct,structured-output,5,4,3
582,32,Qwen 2.5 3B Instruct,structured-output,8,1,1
583,33,Qwen 2.5 3B Instruct,structured-output,8,8,7
584,34,Qwen 2.5 3B Instruct,structured-output,7,7,2
585,35,Qwen 2.5 3B Instruct,structured-output,11,7,7
586,36,Qwen 2.5 3B Instruct,structured-output,6,6,5
587,37,Qwen 2.5 3B Instruct,structured-output,8,7,7
588,38,Qwen 2.5 3B Instruct,structured-output,4,0,0
589,39,Qwen 2.5 3B Instruct,structured-output,6,0,0
590,40,Qwen 2.5 3B Instruct,structured-output,9,8,1
591,41,Qwen 2.5 3B Instruct,structured-output,8,6,1
592,42,Qwen 2.5 3B Instruct,structured-output,9,7,1
593,43,Qwen 2.5 3B Instruct,structured-output,9,8,7
594,44,Qwen 2.5 3B Instruct,structured-output,9,6,5
595,45,Qwen 2.5 3B Instruct,structured-output,8,1,1
596,46,Qwen 2.5 3B Instruct,structured-output,7,6,3
597,47,Qwen 2.5 3B Instruct,structured-output,10,6,6
598,48,Qwen 2.5 3B Instruct,structured-output,6,6,5
599,49,Qwen 2.5 3B Instruct,structured-output,5,1,1
600,50,Qwen 2.5 3B Instruct,structured-output,9,8,2
601,1,Gemma-SEA-LION v4 4B,zero-shot,6,14,4
602,2,Gemma-SEA-LION v4 4B,zero-shot,1,0,0
603,3,Gemma-SEA-LION v4 4B,zero-shot,3,6,2
604,4,Gemma-SEA-LION v4 4B,zero-shot,4,7,4
605,5,Gemma-SEA-LION v4 4B,zero-shot,4,8,4
606,6,Gemma-SEA-LION v4 4B,zero-shot,3,5,3
607,7,Gemma-SEA-LION v4 4B,zero-shot,3,11,0
608,8,Gemma-SEA-LION v4 4B,zero-shot,3,9,2
609,9,Gemma-SEA-LION v4 4B,zero-shot,3,8,1
610,10,Gemma-SEA-LION v4 4B,zero-shot,3,6,2
611,11,Gemma-SEA-LION v4 4B,zero-shot,4,5,3
612,12,Gemma-SEA-LION v4 4B,zero-shot,4,0,0
613,13,Gemma-SEA-LION v4 4B,zero-shot,5,8,5
614,14,Gemma-SEA-LION v4 4B,zero-shot,3,7,2
615,15,Gemma-SEA-LION v4 4B,zero-shot,2,3,2
616,16,Gemma-SEA-LION v4 4B,zero-shot,3,11,2
617,17,Gemma-SEA-LION v4 4B,zero-shot,3,4,1
618,18,Gemma-SEA-LION v4 4B,zero-shot,3,8,3
619,19,Gemma-SEA-LION v4 4B,zero-shot,3,6,0
620,20,Gemma-SEA-LION v4 4B,zero-shot,2,5,0
621,21,Gemma-SEA-LION v4 4B,zero-shot,4,5,1
622,22,Gemma-SEA-LION v4 4B,zero-shot,17,15,12
623,23,Gemma-SEA-LION v4 4B,zero-shot,7,6,1
624,24,Gemma-SEA-LION v4 4B,zero-shot,7,6,4
625,25,Gemma-SEA-LION v4 4B,zero-shot,4,4,0
626,26,Gemma-SEA-LION v4 4B,zero-shot,3,3,3
627,27,Gemma-SEA-LION v4 4B,zero-shot,7,7,6
628,28,Gemma-SEA-LION v4 4B,zero-shot,11,8,0
629,29,Gemma-SEA-LION v4 4B,zero-shot,9,9,2
630,30,Gemma-SEA-LION v4 4B,zero-shot,12,12,7
631,31,Gemma-SEA-LION v4 4B,zero-shot,5,9,0
632,32,Gemma-SEA-LION v4 4B,zero-shot,8,7,6
633,33,Gemma-SEA-LION v4 4B,zero-shot,8,8,0
634,34,Gemma-SEA-LION v4 4B,zero-shot,7,6,4
635,35,Gemma-SEA-LION v4 4B,zero-shot,11,0,0
636,36,Gemma-SEA-LION v4 4B,zero-shot,6,6,6
637,37,Gemma-SEA-LION v4 4B,zero-shot,8,7,7
638,38,Gemma-SEA-LION v4 4B,zero-shot,4,4,3
639,39,Gemma-SEA-LION v4 4B,zero-shot,6,8,1
640,40,Gemma-SEA-LION v4 4B,zero-shot,9,10,8
641,41,Gemma-SEA-LION v4 4B,zero-shot,8,5,0
642,42,Gemma-SEA-LION v4 4B,zero-shot,9,0,0
643,43,Gemma-SEA-LION v4 4B,zero-shot,9,10,8
644,44,Gemma-SEA-LION v4 4B,zero-shot,9,9,9
645,45,Gemma-SEA-LION v4 4B,zero-shot,8,6,4
646,46,Gemma-SEA-LION v4 4B,zero-shot,7,7,6
647,47,Gemma-SEA-LION v4 4B,zero-shot,10,0,0
648,48,Gemma-SEA-LION v4 4B,zero-shot,6,0,0
649,49,Gemma-SEA-LION v4 4B,zero-shot,5,5,4
650,50,Gemma-SEA-LION v4 4B,zero-shot,9,8,7
651,1,Gemma-SEA-LION v4 4B,few-shot,6,0,0
652,2,Gemma-SEA-LION v4 4B,few-shot,1,0,0
653,3,Gemma-SEA-LION v4 4B,few-shot,3,6,1
654,4,Gemma-SEA-LION v4 4B,few-shot,4,7,3
655,5,Gemma-SEA-LION v4 4B,few-shot,4,0,0
656,6,Gemma-SEA-LION v4 4B,few-shot,3,6,3
657,7,Gemma-SEA-LION v4 4B,few-shot,3,8,1
658,8,Gemma-SEA-LION v4 4B,few-shot,3,0,0
659,9,Gemma-SEA-LION v4 4B,few-shot,3,9,2
660,10,Gemma-SEA-LION v4 4B,few-shot,3,0,0
661,11,Gemma-SEA-LION v4 4B,few-shot,4,10,2
662,12,Gemma-SEA-LION v4 4B,few-shot,4,0,0
663,13,Gemma-SEA-LION v4 4B,few-shot,5,8,5
664,14,Gemma-SEA-LION v4 4B,few-shot,3,7,0
665,15,Gemma-SEA-LION v4 4B,few-shot,2,3,2
666,16,Gemma-SEA-LION v4 4B,few-shot,3,9,2
667,17,Gemma-SEA-LION v4 4B,few-shot,3,4,0
668,18,Gemma-SEA-LION v4 4B,few-shot,3,8,3
669,19,Gemma-SEA-LION v4 4B,few-shot,3,0,0
670,20,Gemma-SEA-LION v4 4B,few-shot,2,5,0
671,21,Gemma-SEA-LION v4 4B,few-shot,4,3,1
672,22,Gemma-SEA-LION v4 4B,few-shot,17,17,7
673,23,Gemma-SEA-LION v4 4B,few-shot,7,0,0
674,24,Gemma-SEA-LION v4 4B,few-shot,7,7,3
675,25,Gemma-SEA-LION v4 4B,few-shot,4,4,2
676,26,Gemma-SEA-LION v4 4B,few-shot,3,3,3
677,27,Gemma-SEA-LION v4 4B,few-shot,7,0,0
678,28,Gemma-SEA-LION v4 4B,few-shot,11,5,3
679,29,Gemma-SEA-LION v4 4B,few-shot,9,0,0
680,30,Gemma-SEA-LION v4 4B,few-shot,12,13,10
681,31,Gemma-SEA-LION v4 4B,few-shot,5,7,4
682,32,Gemma-SEA-LION v4 4B,few-shot,8,7,7
683,33,Gemma-SEA-LION v4 4B,few-shot,8,8,6
684,34,Gemma-SEA-LION v4 4B,few-shot,7,6,3
685,35,Gemma-SEA-LION v4 4B,few-shot,11,6,4
686,36,Gemma-SEA-LION v4 4B,few-shot,6,6,6
687,37,Gemma-SEA-LION v4 4B,few-shot,8,7,4
688,38,Gemma-SEA-LION v4 4B,few-shot,4,7,3
689,39,Gemma-SEA-LION v4 4B,few-shot,6,0,0
690,40,Gemma-SEA-LION v4 4B,few-shot,9,0,0
691,41,Gemma-SEA-LION v4 4B,few-shot,8,7,0
692,42,Gemma-SEA-LION v4 4B,few-shot,9,7,0
693,43,Gemma-SEA-LION v4 4B,few-shot,9,9,9
694,44,Gemma-SEA-LION v4 4B,few-shot,9,10,8
695,45,Gemma-SEA-LION v4 4B,few-shot,8,7,6
696,46,Gemma-SEA-LION v4 4B,few-shot,7,7,4
697,47,Gemma-SEA-LION v4 4B,few-shot,10,11,4
698,48,Gemma-SEA-LION v4 4B,few-shot,6,0,0
699,49,Gemma-SEA-LION v4 4B,few-shot,5,0,0
700,50,Gemma-SEA-LION v4 4B,few-shot,9,9,5
701,1,Gemma-SEA-LION v4 4B,chain-of-thought,6,14,3
702,2,Gemma-SEA-LION v4 4B,chain-of-thought,1,2,1
703,3,Gemma-SEA-LION v4 4B,chain-of-thought,3,6,2
704,4,Gemma-SEA-LION v4 4B,chain-of-thought,4,7,4
705,5,Gemma-SEA-LION v4 4B,chain-of-thought,4,7,4
706,6,Gemma-SEA-LION v4 4B,chain-of-thought,3,6,2
707,7,Gemma-SEA-LION v4 4B,chain-of-thought,3,8,2
708,8,Gemma-SEA-LION v4 4B,chain-of-thought,3,10,1
709,9,Gemma-SEA-LION v4 4B,chain-of-thought,3,6,1
710,10,Gemma-SEA-LION v4 4B,chain-of-thought,3,5,3
711,11,Gemma-SEA-LION v4 4B,chain-of-thought,4,6,3
712,12,Gemma-SEA-LION v4 4B,chain-of-thought,4,13,4
713,13,Gemma-SEA-LION v4 4B,chain-of-thought,5,8,5
714,14,Gemma-SEA-LION v4 4B,chain-of-thought,3,6,1
715,15,Gemma-SEA-LION v4 4B,chain-of-thought,2,7,2
716,16,Gemma-SEA-LION v4 4B,chain-of-thought,3,12,2
717,17,Gemma-SEA-LION v4 4B,chain-of-thought,3,4,1
718,18,Gemma-SEA-LION v4 4B,chain-of-thought,3,8,2
719,19,Gemma-SEA-LION v4 4B,chain-of-thought,3,11,1
720,20,Gemma-SEA-LION v4 4B,chain-of-thought,2,5,0
721,21,Gemma-SEA-LION v4 4B,chain-of-thought,4,5,1
722,22,Gemma-SEA-LION v4 4B,chain-of-thought,17,14,12
723,23,Gemma-SEA-LION v4 4B,chain-of-thought,7,10,0
724,24,Gemma-SEA-LION v4 4B,chain-of-thought,7,8,4
725,25,Gemma-SEA-LION v4 4B,chain-of-thought,4,4,1
726,26,Gemma-SEA-LION v4 4B,chain-of-thought,3,3,3
727,27,Gemma-SEA-LION v4 4B,chain-of-thought,7,7,7
728,28,Gemma-SEA-LION v4 4B,chain-of-thought,11,7,8
729,29,Gemma-SEA-LION v4 4B,chain-of-thought,9,0,0
730,30,Gemma-SEA-LION v4 4B,chain-of-thought,12,18,0
731,31,Gemma-SEA-LION v4 4B,chain-of-thought,5,7,5
732,32,Gemma-SEA-LION v4 4B,chain-of-thought,8,6,6
733,33,Gemma-SEA-LION v4 4B,chain-of-thought,8,9,8
734,34,Gemma-SEA-LION v4 4B,chain-of-thought,7,6,3
735,35,Gemma-SEA-LION v4 4B,chain-of-thought,11,10,8
736,36,Gemma-SEA-LION v4 4B,chain-of-thought,6,5,0
737,37,Gemma-SEA-LION v4 4B,chain-of-thought,8,8,6
738,38,Gemma-SEA-LION v4 4B,chain-of-thought,4,4,4
739,39,Gemma-SEA-LION v4 4B,chain-of-thought,6,11,2
740,40,Gemma-SEA-LION v4 4B,chain-of-thought,9,9,8
741,41,Gemma-SEA-LION v4 4B,chain-of-thought,8,6,1
742,42,Gemma-SEA-LION v4 4B,chain-of-thought,9,7,1
743,43,Gemma-SEA-LION v4 4B,chain-of-thought,9,9,9
744,44,Gemma-SEA-LION v4 4B,chain-of-thought,9,8,6
745,45,Gemma-SEA-LION v4 4B,chain-of-thought,8,7,6
746,46,Gemma-SEA-LION v4 4B,chain-of-thought,7,6,0
747,47,Gemma-SEA-LION v4 4B,chain-of-thought,10,10,10
748,48,Gemma-SEA-LION v4 4B,chain-of-thought,6,6,4
749,49,Gemma-SEA-LION v4 4B,chain-of-thought,5,6,4
750,50,Gemma-SEA-LION v4 4B,chain-of-thought,9,8,7
751,1,Gemma-SEA-LION v4 4B,structured-output,6,14,5
752,2,Gemma-SEA-LION v4 4B,structured-output,1,1,1
753,3,Gemma-SEA-LION v4 4B,structured-output,3,6,2
754,4,Gemma-SEA-LION v4 4B,structured-output,4,5,0
755,5,Gemma-SEA-LION v4 4B,structured-output,4,7,4
756,6,Gemma-SEA-LION v4 4B,structured-output,3,5,3
757,7,Gemma-SEA-LION v4 4B,structured-output,3,7,3
758,8,Gemma-SEA-LION v4 4B,structured-output,3,10,2
759,9,Gemma-SEA-LION v4 4B,structured-output,3,6,3
760,10,Gemma-SEA-LION v4 4B,structured-output,3,5,3
761,11,Gemma-SEA-LION v4 4B,structured-output,4,8,0
762,12,Gemma-SEA-LION v4 4B,structured-output,4,14,4
763,13,Gemma-SEA-LION v4 4B,structured-output,5,10,0
764,14,Gemma-SEA-LION v4 4B,structured-output,3,8,1
765,15,Gemma-SEA-LION v4 4B,structured-output,2,3,1
766,16,Gemma-SEA-LION v4 4B,structured-output,3,18,0
767,17,Gemma-SEA-LION v4 4B,structured-output,3,4,2
768,18,Gemma-SEA-LION v4 4B,structured-output,3,8,0
769,19,Gemma-SEA-LION v4 4B,structured-output,3,5,0
770,20,Gemma-SEA-LION v4 4B,structured-output,2,5,0
771,21,Gemma-SEA-LION v4 4B,structured-output,4,0,0
772,22,Gemma-SEA-LION v4 4B,structured-output,17,16,13
773,23,Gemma-SEA-LION v4 4B,structured-output,7,4,0
774,24,Gemma-SEA-LION v4 4B,structured-output,7,14,0
775,25,Gemma-SEA-LION v4 4B,structured-output,4,4,2
776,26,Gemma-SEA-LION v4 4B,structured-output,3,0,0
777,27,Gemma-SEA-LION v4 4B,structured-output,7,7,7
778,28,Gemma-SEA-LION v4 4B,structured-output,11,0,0
779,29,Gemma-SEA-LION v4 4B,structured-output,9,8,2
780,30,Gemma-SEA-LION v4 4B,structured-output,12,12,7
781,31,Gemma-SEA-LION v4 4B,structured-output,5,5,0
782,32,Gemma-SEA-LION v4 4B,structured-output,8,6,4
783,33,Gemma-SEA-LION v4 4B,structured-output,8,8,8
784,34,Gemma-SEA-LION v4 4B,structured-output,7,7,5
785,35,Gemma-SEA-LION v4 4B,structured-output,11,7,7
786,36,Gemma-SEA-LION v4 4B,structured-output,6,0,0
787,37,Gemma-SEA-LION v4 4B,structured-output,8,7,6
788,38,Gemma-SEA-LION v4 4B,structured-output,4,4,2
789,39,Gemma-SEA-LION v4 4B,structured-output,6,7,1
790,40,Gemma-SEA-LION v4 4B,structured-output,9,5,0
791,41,Gemma-SEA-LION v4 4B,structured-output,8,6,1
792,42,Gemma-SEA-LION v4 4B,structured-output,9,7,1
793,43,Gemma-SEA-LION v4 4B,structured-output,9,10,9
794,44,Gemma-SEA-LION v4 4B,structured-output,9,8,7
795,45,Gemma-SEA-LION v4 4B,structured-output,8,7,6
796,46,Gemma-SEA-LION v4 4B,structured-output,7,8,5
797,47,Gemma-SEA-LION v4 4B,structured-output,10,9,0
798,48,Gemma-SEA-LION v4 4B,structured-output,6,5,2
799,49,Gemma-SEA-LION v4 4B,structured-output,5,5,4
800,50,Gemma-SEA-LION v4 4B,structured-output,9,9,8
801,1,MedGemma 4B,zero-shot,6,10,3
802,2,MedGemma 4B,zero-shot,1,2,1
803,3,MedGemma 4B,zero-shot,3,6,2
804,4,MedGemma 4B,zero-shot,4,8,3
805,5,MedGemma 4B,zero-shot,4,7,4
806,6,MedGemma 4B,zero-shot,3,6,0
807,7,MedGemma 4B,zero-shot,3,7,3
808,8,MedGemma 4B,zero-shot,3,10,2
809,9,MedGemma 4B,zero-shot,3,8,3
810,10,MedGemma 4B,zero-shot,3,5,0
811,11,MedGemma 4B,zero-shot,4,0,0
812,12,MedGemma 4B,zero-shot,4,0,0
813,13,MedGemma 4B,zero-shot,5,8,5
814,14,MedGemma 4B,zero-shot,3,8,0
815,15,MedGemma 4B,zero-shot,2,5,0
816,16,MedGemma 4B,zero-shot,3,11,2
817,17,MedGemma 4B,zero-shot,3,3,0
818,18,MedGemma 4B,zero-shot,3,8,3
819,19,MedGemma 4B,zero-shot,3,5,3
820,20,MedGemma 4B,zero-shot,2,5,0
821,21,MedGemma 4B,zero-shot,4,3,1
822,22,MedGemma 4B,zero-shot,17,16,13
823,23,MedGemma 4B,zero-shot,7,6,3
824,24,MedGemma 4B,zero-shot,7,6,4
825,25,MedGemma 4B,zero-shot,4,4,0
826,26,MedGemma 4B,zero-shot,3,3,3
827,27,MedGemma 4B,zero-shot,7,7,6
828,28,MedGemma 4B,zero-shot,11,0,0
829,29,MedGemma 4B,zero-shot,9,7,4
830,30,MedGemma 4B,zero-shot,12,11,0
831,31,MedGemma 4B,zero-shot,5,6,4
832,32,MedGemma 4B,zero-shot,8,7,6
833,33,MedGemma 4B,zero-shot,8,9,8
834,34,MedGemma 4B,zero-shot,7,7,4
835,35,MedGemma 4B,zero-shot,11,10,8
836,36,MedGemma 4B,zero-shot,6,6,6
837,37,MedGemma 4B,zero-shot,8,8,5
838,38,MedGemma 4B,zero-shot,4,4,2
839,39,MedGemma 4B,zero-shot,6,8,1
840,40,MedGemma 4B,zero-shot,9,0,0
841,41,MedGemma 4B,zero-shot,8,6,1
842,42,MedGemma 4B,zero-shot,9,7,1
843,43,MedGemma 4B,zero-shot,9,0,0
844,44,MedGemma 4B,zero-shot,9,9,9
845,45,MedGemma 4B,zero-shot,8,7,7
846,46,MedGemma 4B,zero-shot,7,7,6
847,47,MedGemma 4B,zero-shot,10,0,0
848,48,MedGemma 4B,zero-shot,6,5,4
849,49,MedGemma 4B,zero-shot,5,6,4
850,50,MedGemma 4B,zero-shot,9,9,8
851,1,MedGemma 4B,few-shot,6,0,0
852,2,MedGemma 4B,few-shot,1,3,1
853,3,MedGemma 4B,few-shot,3,6,1
854,4,MedGemma 4B,few-shot,4,7,3
855,5,MedGemma 4B,few-shot,4,0,0
856,6,MedGemma 4B,few-shot,3,0,0
857,7,MedGemma 4B,few-shot,3,9,2
858,8,MedGemma 4B,few-shot,3,0,0
859,9,MedGemma 4B,few-shot,3,6,1
860,10,MedGemma 4B,few-shot,3,6,3
861,11,MedGemma 4B,few-shot,4,6,4
862,12,MedGemma 4B,few-shot,4,9,3
863,13,MedGemma 4B,few-shot,5,9,2
864,14,MedGemma 4B,few-shot,3,7,2
865,15,MedGemma 4B,few-shot,2,3,1
866,16,MedGemma 4B,few-shot,3,12,2
867,17,MedGemma 4B,few-shot,3,3,2
868,18,MedGemma 4B,few-shot,3,6,2
869,19,MedGemma 4B,few-shot,3,0,0
870,20,MedGemma 4B,few-shot,2,6,1
871,21,MedGemma 4B,few-shot,4,0,0
872,22,MedGemma 4B,few-shot,17,13,4
873,23,MedGemma 4B,few-shot,7,5,0
874,24,MedGemma 4B,few-shot,7,10,4
875,25,MedGemma 4B,few-shot,4,4,1
876,26,MedGemma 4B,few-shot,3,4,3
877,27,MedGemma 4B,few-shot,7,7,6
878,28,MedGemma 4B,few-shot,11,6,5
879,29,MedGemma 4B,few-shot,9,0,0
880,30,MedGemma 4B,few-shot,12,12,7
881,31,MedGemma 4B,few-shot,5,7,0
882,32,MedGemma 4B,few-shot,8,0,0
883,33,MedGemma 4B,few-shot,8,7,1
884,34,MedGemma 4B,few-shot,7,7,4
885,35,MedGemma 4B,few-shot,11,6,4
886,36,MedGemma 4B,few-shot,6,6,5
887,37,MedGemma 4B,few-shot,8,8,7
888,38,MedGemma 4B,few-shot,4,9,3
889,39,MedGemma 4B,few-shot,6,8,1
890,40,MedGemma 4B,few-shot,9,10,3
891,41,MedGemma 4B,few-shot,8,8,0
892,42,MedGemma 4B,few-shot,9,14,0
893,43,MedGemma 4B,few-shot,9,0,0
894,44,MedGemma 4B,few-shot,9,8,7
895,45,MedGemma 4B,few-shot,8,0,0
896,46,MedGemma 4B,few-shot,7,0,0
897,47,MedGemma 4B,few-shot,10,0,0
898,48,MedGemma 4B,few-shot,6,0,0
899,49,MedGemma 4B,few-shot,5,5,0
900,50,MedGemma 4B,few-shot,9,8,6
901,1,MedGemma 4B,chain-of-thought,6,14,6
902,2,MedGemma 4B,chain-of-thought,1,3,1
903,3,MedGemma 4B,chain-of-thought,3,6,2
904,4,MedGemma 4B,chain-of-thought,4,8,4
905,5,MedGemma 4B,chain-of-thought,4,7,4
906,6,MedGemma 4B,chain-of-thought,3,6,2
907,7,MedGemma 4B,chain-of-thought,3,8,3
908,8,MedGemma 4B,chain-of-thought,3,10,2
909,9,MedGemma 4B,chain-of-thought,3,7,2
910,10,MedGemma 4B,chain-of-thought,3,6,2
911,11,MedGemma 4B,chain-of-thought,4,7,4
912,12,MedGemma 4B,chain-of-thought,4,0,0
913,13,MedGemma 4B,chain-of-thought,5,8,5
914,14,MedGemma 4B,chain-of-thought,3,8,2
915,15,MedGemma 4B,chain-of-thought,2,5,0
916,16,MedGemma 4B,chain-of-thought,3,11,2
917,17,MedGemma 4B,chain-of-thought,3,3,1
918,18,MedGemma 4B,chain-of-thought,3,8,3
919,19,MedGemma 4B,chain-of-thought,3,6,2
920,20,MedGemma 4B,chain-of-thought,2,5,0
921,21,MedGemma 4B,chain-of-thought,4,4,1
922,22,MedGemma 4B,chain-of-thought,17,17,12
923,23,MedGemma 4B,chain-of-thought,7,6,2
924,24,MedGemma 4B,chain-of-thought,7,11,4
925,25,MedGemma 4B,chain-of-thought,4,4,1
926,26,MedGemma 4B,chain-of-thought,3,3,3
927,27,MedGemma 4B,chain-of-thought,7,7,7
928,28,MedGemma 4B,chain-of-thought,11,7,8
929,29,MedGemma 4B,chain-of-thought,9,10,6
930,30,MedGemma 4B,chain-of-thought,12,12,6
931,31,MedGemma 4B,chain-of-thought,5,6,3
932,32,MedGemma 4B,chain-of-thought,8,8,7
933,33,MedGemma 4B,chain-of-thought,8,9,8
934,34,MedGemma 4B,chain-of-thought,7,7,6
935,35,MedGemma 4B,chain-of-thought,11,11,11
936,36,MedGemma 4B,chain-of-thought,6,7,0
937,37,MedGemma 4B,chain-of-thought,8,7,7
938,38,MedGemma 4B,chain-of-thought,4,7,1
939,39,MedGemma 4B,chain-of-thought,6,8,1
940,40,MedGemma 4B,chain-of-thought,9,9,9
941,41,MedGemma 4B,chain-of-thought,8,6,0
942,42,MedGemma 4B,chain-of-thought,9,7,1
943,43,MedGemma 4B,chain-of-thought,9,9,9
944,44,MedGemma 4B,chain-of-thought,9,9,9
945,45,MedGemma 4B,chain-of-thought,8,8,6
946,46,MedGemma 4B,chain-of-thought,7,7,6
947,47,MedGemma 4B,chain-of-thought,10,10,10
948,48,MedGemma 4B,chain-of-thought,6,5,0
949,49,MedGemma 4B,chain-of-thought,5,0,0
950,50,MedGemma 4B,chain-of-thought,9,9,5
951,1,MedGemma 4B,structured-output,6,14,5
952,2,MedGemma 4B,structured-output,1,1,1
953,3,MedGemma 4B,structured-output,3,6,1
954,4,MedGemma 4B,structured-output,4,7,4
955,5,MedGemma 4B,structured-output,4,7,4
956,6,MedGemma 4B,structured-output,3,5,2
957,7,MedGemma 4B,structured-output,3,7,0
958,8,MedGemma 4B,structured-output,3,6,0
959,9,MedGemma 4B,structured-output,3,6,1
960,10,MedGemma 4B,structured-output,3,5,3
961,11,MedGemma 4B,structured-output,4,5,3
962,12,MedGemma 4B,structured-output,4,12,3
963,13,MedGemma 4B,structured-output,5,8,5
964,14,MedGemma 4B,structured-output,3,8,2
965,15,MedGemma 4B,structured-output,2,2,1
966,16,MedGemma 4B,structured-output,3,11,2
967,17,MedGemma 4B,structured-output,3,3,0
968,18,MedGemma 4B,structured-output,3,9,3
969,19,MedGemma 4B,structured-output,3,5,0
970,20,MedGemma 4B,structured-output,2,5,0
971,21,MedGemma 4B,structured-output,4,0,0
972,22,MedGemma 4B,structured-output,17,15,11
973,23,MedGemma 4B,structured-output,7,6,2
974,24,MedGemma 4B,structured-output,7,6,4
975,25,MedGemma 4B,structured-output,4,4,1
976,26,MedGemma 4B,structured-output,3,3,2
977,27,MedGemma 4B,structured-output,7,5,0
978,28,MedGemma 4B,structured-output,11,7,8
979,29,MedGemma 4B,structured-output,9,8,5
980,30,MedGemma 4B,structured-output,12,12,7
981,31,MedGemma 4B,structured-output,5,5,3
982,32,MedGemma 4B,structured-output,8,8,1
983,33,MedGemma 4B,structured-output,8,9,7
984,34,MedGemma 4B,structured-output,7,7,5
985,35,MedGemma 4B,structured-output,11,10,10
986,36,MedGemma 4B,structured-output,6,5,5
987,37,MedGemma 4B,structured-output,8,8,7
988,38,MedGemma 4B,structured-output,4,4,3
989,39,MedGemma 4B,structured-output,6,14,1
990,40,MedGemma 4B,structured-output,9,6,0
991,41,MedGemma 4B,structured-output,8,0,0
992,42,MedGemma 4B,structured-output,9,7,1
993,43,MedGemma 4B,structured-output,9,9,9
994,44,MedGemma 4B,structured-output,9,9,0
995,45,MedGemma 4B,structured-output,8,7,6
996,46,MedGemma 4B,structured-output,7,6,5
997,47,MedGemma 4B,structured-output,10,9,7
998,48,MedGemma 4B,structured-output,6,6,3
999,49,MedGemma 4B,structured-output,5,5,4
1000,50,MedGemma 4B,structured-output,9,9,8
1001,22,Llama 3.2 3B Instruct,zero-shot,17,15,12
1002,29,Gemma-SEA-LION v4 4B,chain-of-thought,9,0,0
1003,11,MedGemma 4B,zero-shot,4,7,0
1004,28,MedGemma 4B,zero-shot,11,9,0
1005,40,MedGemma 4B,zero-shot,9,9,0
1006,47,MedGemma 4B,zero-shot,10,8,0
1007,29,Gemma-SEA-LION v4 4B,chain-of-thought,9,0,0
1008,9,Qwen 2.5 3B Instruct,chain-of-thought,3,1,0
1009,22,Qwen 2.5 3B Instruct,chain-of-thought,17,1,0
1010,27,Qwen 2.5 3B Instruct,chain-of-thought,7,1,0
1011,46,Qwen 2.5 3B Instruct,chain-of-thought,7,6,0
1012,42,Gemma-SEA-LION v4 4B,zero-shot,9,10,0
